,movie,year,imdb,metascore,votes,genre
378, Lucifer,(2015– ),9.8,None,9828,Crime
393, BoJack Horseman,(2014–2020),9.8,None,9258,Animation
, Lucifer,(2015– ),9.8,None,9828,Drama
, BoJack Horseman,(2014–2020),9.8,None,9258,Comedy
, Lucifer,(2015– ),9.8,None,9828,Fantasy
, BoJack Horseman,(2014–2020),9.8,None,9258,Drama
248,Red Dead Redemption II,(2018 Video Game),9.7,None,17463,Action
,Red Dead Redemption II,(2018 Video Game),9.7,None,17463,Adventure
,Red Dead Redemption II,(2018 Video Game),9.7,None,17463,Crime
295,God of War,(2018 Video Game),9.6,None,14070,Action
475, Better Call Saul,(2015– ),9.6,None,6963,Crime
,God of War,(2018 Video Game),9.6,None,14070,Adventure
, Better Call Saul,(2015– ),9.6,None,6963,Drama
,God of War,(2018 Video Game),9.6,None,14070,Drama
391, The Haunting of Hill House,(2018– ),9.5,None,9333,Drama
, The Haunting of Hill House,(2018– ),9.5,None,9333,Horror
, The Haunting of Hill House,(2018– ),9.5,None,9333,Mystery
429, The Haunting of Hill House,(2018– ),9.4,None,8326,Drama
, The Haunting of Hill House,(2018– ),9.4,None,8326,Horror
, The Haunting of Hill House,(2018– ),9.4,None,8326,Mystery
369,Spider-Man,(2018 Video Game),9.3,None,10377,Action
387,Detroit: Become Human,(2018 Video Game),9.3,None,9552,Adventure
,Spider-Man,(2018 Video Game),9.3,None,10377,Adventure
,Detroit: Become Human,(2018 Video Game),9.3,None,9552,Drama
,Spider-Man,(2018 Video Game),9.3,None,10377,Fantasy
,Detroit: Become Human,(2018 Video Game),9.3,None,9552,Sci-Fi
196,Sahsiyet,-2018,9.2,None,23904,Crime
250,Yeh Meri Family,(2018– ),9.2,None,17407,Comedy
256,Flames,(2018– ),9.2,None,17145,Comedy
280, Westworld,(2016– ),9.2,None,15233,Drama
353, The Walking Dead,(2010– ),9.2,None,10886,Drama
,Sahsiyet,-2018,9.2,None,23904,Drama
,Yeh Meri Family,(2018– ),9.2,None,17407,Drama
,Flames,(2018– ),9.2,None,17145,Drama
, Westworld,(2016– ),9.2,None,15233,Mystery
, The Walking Dead,(2010– ),9.2,None,10886,Horror
,Sahsiyet,-2018,9.2,None,23904,Mystery
,Yeh Meri Family,(2018– ),9.2,None,17407,Family
,Flames,(2018– ),9.2,None,17145,Romance
, Westworld,(2016– ),9.2,None,15233,Sci-Fi
, The Walking Dead,(2010– ),9.2,None,10886,Thriller
231,College Romance,(2018– ),9.1,None,19554,Comedy
301,Pew News,(2018–2020),9.1,None,13583,Comedy
342,Peranbu,-2018,9.1,None,11334,Drama
,College Romance,(2018– ),9.1,None,19554,Drama
,Pew News,(2018–2020),9.1,None,13583,News
,College Romance,(2018– ),9.1,None,19554,Romance
334, Westworld,(2016– ),9,None,11876,Drama
, Westworld,(2016– ),9,None,11876,Mystery
, Westworld,(2016– ),9,None,11876,Sci-Fi
465,Smoke,(2018–2019),8.9,None,7214,Thriller
474, The Walking Dead,(2010– ),8.9,None,6987,Drama
496,Car Masters: Rust to Riches,(2018– ),8.9,None,6627,Reality-TV
, The Walking Dead,(2010– ),8.9,None,6987,Horror
, The Walking Dead,(2010– ),8.9,None,6987,Thriller
122,Cobra Kai,(2018– ),8.8,None,40058,Action
372, Westworld,(2016– ),8.8,None,10310,Drama
401, Westworld,(2016– ),8.8,None,9012,Drama
492,Pariyerum Perumal,-2018,8.8,None,6706,Drama
,Cobra Kai,(2018– ),8.8,None,40058,Comedy
, Westworld,(2016– ),8.8,None,10310,Mystery
, Westworld,(2016– ),8.8,None,9012,Mystery
,Cobra Kai,(2018– ),8.8,None,40058,Drama
, Westworld,(2016– ),8.8,None,10310,Sci-Fi
, Westworld,(2016– ),8.8,None,9012,Sci-Fi
27,The Haunting of Hill House,(2018– ),8.7,None,145343,Drama
70,Sacred Games,(2018– ),8.7,None,66379,Action
267,Raatchasan,-2018,8.7,None,16376,Action
,The Haunting of Hill House,(2018– ),8.7,None,145343,Horror
,Sacred Games,(2018– ),8.7,None,66379,Crime
,Raatchasan,-2018,8.7,None,16376,Crime
,The Haunting of Hill House,(2018– ),8.7,None,145343,Mystery
,Sacred Games,(2018– ),8.7,None,66379,Drama
,Raatchasan,-2018,8.7,None,16376,Thriller
283,96,(II) (2018),8.6,None,14868,Drama
284,Pose,(2018– ),8.6,None,14866,Drama
395, Westworld,(2016– ),8.6,None,9189,Drama
,96,(II) (2018),8.6,None,14868,Romance
, Westworld,(2016– ),8.6,None,9189,Mystery
, Westworld,(2016– ),8.6,None,9189,Sci-Fi
0,Avengers: Infinity War,-2018,8.5,68,772436,Action
168,Succession,(2018– ),8.5,None,27730,Drama
193,Mirzapur,(2018– ),8.5,None,24306,Action
304,Queer Eye,(2018– ),8.5,None,13466,Reality-TV
420,Mahanati,-2018,8.5,None,8484,Biography
421,Vada Chennai,-2018,8.5,None,8478,Action
453,My Brilliant Friend,(2018– ),8.5,None,7597,Drama
,Avengers: Infinity War,-2018,8.5,68,772436,Adventure
,Mirzapur,(2018– ),8.5,None,24306,Crime
,Mahanati,-2018,8.5,None,8484,Drama
,Vada Chennai,-2018,8.5,None,8478,Crime
,Avengers: Infinity War,-2018,8.5,68,772436,Sci-Fi
,Mirzapur,(2018– ),8.5,None,24306,Drama
9,Spider-Man: Into the Spider-Verse,-2018,8.4,87,316087,Animation
92,Narcos: Mexico,(2018– ),8.4,None,52412,Crime
105,Capharnaüm,-2018,8.4,75,46337,Drama
140,O Mecanismo,(2018– ),8.4,None,34929,Crime
215,Won't You Be My Neighbor?,-2018,8.4,85,21042,Documentary
253,Rangasthalam 1985,-2018,8.4,None,17274,Action
274,Yellowstone,(2018– ),8.4,None,15898,Drama
277,Derry Girls,(2018– ),8.4,None,15707,Comedy
312,The Dragon Prince,(2018– ),8.4,None,13187,Animation
368,Breathe,(2018– ),8.4,None,10507,Drama
422,Violet Evergarden,-2018,8.4,None,8442,Animation
444,Bizim Için Sampiyon,-2018,8.4,None,7859,Biography
,Spider-Man: Into the Spider-Verse,-2018,8.4,87,316087,Action
,Narcos: Mexico,(2018– ),8.4,None,52412,Drama
,O Mecanismo,(2018– ),8.4,None,34929,Drama
,Won't You Be My Neighbor?,-2018,8.4,85,21042,Biography
,Rangasthalam 1985,-2018,8.4,None,17274,Drama
,Yellowstone,(2018– ),8.4,None,15898,Western
,The Dragon Prince,(2018– ),8.4,None,13187,Adventure
,Breathe,(2018– ),8.4,None,10507,Thriller
,Violet Evergarden,-2018,8.4,None,8442,Drama
,Bizim Için Sampiyon,-2018,8.4,None,7859,Drama
,Spider-Man: Into the Spider-Verse,-2018,8.4,87,316087,Adventure
,O Mecanismo,(2018– ),8.4,None,34929,Thriller
,The Dragon Prince,(2018– ),8.4,None,13187,Family
,Violet Evergarden,-2018,8.4,None,8442,Fantasy
,Bizim Için Sampiyon,-2018,8.4,None,7859,Romance
68,Killing Eve,(2018– ),8.3,None,69943,Action
76,Andhadhun,-2018,8.3,None,60550,Crime
130,Barry,(2018– ),8.3,None,37887,Action
158,Final Space,(2018– ),8.3,None,29246,Animation
186,They Shall Not Grow Old,(II) (2018),8.3,91,24933,Documentary
216,Tumbbad,-2018,8.3,None,20930,Drama
294,Who Is America?,-2018,8.3,None,14236,Comedy
,Killing Eve,(2018– ),8.3,None,69943,Adventure
,Andhadhun,-2018,8.3,None,60550,Thriller
,Barry,(2018– ),8.3,None,37887,Comedy
,Final Space,(2018– ),8.3,None,29246,Action
,They Shall Not Grow Old,(II) (2018),8.3,91,24933,History
,Tumbbad,-2018,8.3,None,20930,Fantasy
,Killing Eve,(2018– ),8.3,None,69943,Drama
,Barry,(2018– ),8.3,None,37887,Crime
,Final Space,(2018– ),8.3,None,29246,Adventure
,They Shall Not Grow Old,(II) (2018),8.3,91,24933,War
,Tumbbad,-2018,8.3,None,20930,Horror
8,Green Book,-2018,8.2,69,320326,Biography
77,Sharp Objects,(2018– ),8.2,None,60023,Crime
101,Free Solo,-2018,8.2,83,47769,Documentary
157,K.G.F: Chapter 1,-2018,8.2,None,29722,Action
214,Wild Wild Country,-2018,8.2,None,21096,Documentary
218,The Kominsky Method,(2018– ),8.2,None,20770,Comedy
344, Westworld,(2016– ),8.2,None,11281,Drama
431, Westworld,(2016– ),8.2,None,8244,Drama
435,Hannah Gadsby: Nanette,(2018 TV Special),8.2,None,8216,Documentary
,Green Book,-2018,8.2,69,320326,Comedy
,Sharp Objects,(2018– ),8.2,None,60023,Drama
,Free Solo,-2018,8.2,83,47769,Adventure
,K.G.F: Chapter 1,-2018,8.2,None,29722,Drama
,Wild Wild Country,-2018,8.2,None,21096,Crime
, Westworld,(2016– ),8.2,None,11281,Mystery
, Westworld,(2016– ),8.2,None,8244,Mystery
,Hannah Gadsby: Nanette,(2018 TV Special),8.2,None,8216,Comedy
,Green Book,-2018,8.2,69,320326,Drama
,Sharp Objects,(2018– ),8.2,None,60023,Mystery
,Free Solo,-2018,8.2,83,47769,Sport
, Westworld,(2016– ),8.2,None,11281,Sci-Fi
, Westworld,(2016– ),8.2,None,8244,Sci-Fi
31,Altered Carbon,(2018– ),8.1,None,131867,Action
60,Bodyguard,(2018– ),8.1,None,82763,Crime
62,Jack Ryan,(2018– ),8.1,None,79351,Action
204,A Discovery of Witches,(2018– ),8.1,None,22645,Drama
212,Patrick Melrose,-2018,8.1,None,21685,Drama
255,The Wild Pear Tree,-2018,8.1,86,17243,Drama
273,The Rookie,(2018– ),8.1,None,16052,Comedy
293,New Amsterdam,(2018– ),8.1,None,14278,Drama
388, Westworld,(2016– ),8.1,None,9539,Drama
397,Juzni vetar,-2018,8.1,None,9130,Crime
399,On My Block,(2018– ),8.1,None,9094,Comedy
486,Minding the Gap,-2018,8.1,90,6810,Documentary
488,Dirty Money,(2018– ),8.1,None,6764,Documentary
,Altered Carbon,(2018– ),8.1,None,131867,Drama
,Bodyguard,(2018– ),8.1,None,82763,Drama
,Jack Ryan,(2018– ),8.1,None,79351,Drama
,A Discovery of Witches,(2018– ),8.1,None,22645,Fantasy
,The Rookie,(2018– ),8.1,None,16052,Crime
, Westworld,(2016– ),8.1,None,9539,Mystery
,Juzni vetar,-2018,8.1,None,9130,Drama
,Dirty Money,(2018– ),8.1,None,6764,Crime
,Altered Carbon,(2018– ),8.1,None,131867,Sci-Fi
,Bodyguard,(2018– ),8.1,None,82763,Thriller
,Jack Ryan,(2018– ),8.1,None,79351,Thriller
,A Discovery of Witches,(2018– ),8.1,None,22645,Romance
,The Rookie,(2018– ),8.1,None,16052,Drama
, Westworld,(2016– ),8.1,None,9539,Sci-Fi
,Juzni vetar,-2018,8.1,None,9130,Thriller
3,Bohemian Rhapsody,-2018,8,49,422325,Biography
93,Shoplifters,-2018,8,93,51819,Crime
143,The Terror,(2018– ),8,None,33811,Adventure
188,Badhaai Ho,-2018,8,None,24746,Comedy
264,Escape at Dannemora,-2018,8,None,16599,Biography
297,Kidding,(2018– ),8,None,13871,Comedy
390,The Looming Tower,-2018,8,None,9351,Drama
407, Westworld,(2016– ),8,None,8851,Drama
,Bohemian Rhapsody,-2018,8,49,422325,Drama
,Shoplifters,-2018,8,93,51819,Drama
,The Terror,(2018– ),8,None,33811,Drama
,Badhaai Ho,-2018,8,None,24746,Drama
,Escape at Dannemora,-2018,8,None,16599,Crime
,Kidding,(2018– ),8,None,13871,Drama
,The Looming Tower,-2018,8,None,9351,History
, Westworld,(2016– ),8,None,8851,Mystery
,Bohemian Rhapsody,-2018,8,49,422325,Music
,The Terror,(2018– ),8,None,33811,History
,Escape at Dannemora,-2018,8,None,16599,Drama
, Westworld,(2016– ),8,None,8851,Sci-Fi
33,Isle of Dogs,-2018,7.9,82,127948,Animation
182,Good Girls,(2018– ),7.9,None,25514,Comedy
220,Dragon Ball Super: Broly,-2018,7.9,59,20572,Animation
236,Pad Man,-2018,7.9,None,18901,Comedy
309,The Game Changers,-2018,7.9,None,13228,Documentary
311,Waco,-2018,7.9,None,13209,Crime
316,Ricky Gervais: Humanity,(2018 TV Special),7.9,None,12801,Comedy
386, Westworld,(2016– ),7.9,None,9591,Drama
462,Active Measures,-2018,7.9,68,7291,Documentary
466,A Million Little Things,(2018– ),7.9,None,7180,Comedy
481,Goodachari,-2018,7.9,None,6860,Action
,Isle of Dogs,-2018,7.9,82,127948,Adventure
,Good Girls,(2018– ),7.9,None,25514,Crime
,Dragon Ball Super: Broly,-2018,7.9,59,20572,Action
,Pad Man,-2018,7.9,None,18901,Drama
,Waco,-2018,7.9,None,13209,Drama
, Westworld,(2016– ),7.9,None,9591,Mystery
,A Million Little Things,(2018– ),7.9,None,7180,Drama
,Goodachari,-2018,7.9,None,6860,Thriller
,Isle of Dogs,-2018,7.9,82,127948,Comedy
,Good Girls,(2018– ),7.9,None,25514,Drama
,Dragon Ball Super: Broly,-2018,7.9,59,20572,Adventure
,Waco,-2018,7.9,None,13209,History
, Westworld,(2016– ),7.9,None,9591,Sci-Fi
,A Million Little Things,(2018– ),7.9,None,7180,Mystery
37,You,(2018– ),7.8,None,122316,Crime
79,Maniac,-2018,7.8,None,59459,Comedy
81,Titans,(I) (2018– ),7.8,None,58712,Action
109,Sanju,-2018,7.8,None,44626,Biography
205,Raazi,-2018,7.8,None,22502,Action
300,Müslüm,-2018,7.8,None,13640,Biography
446,Condor,(2018– ),7.8,None,7806,Action
,You,(2018– ),7.8,None,122316,Drama
,Maniac,-2018,7.8,None,59459,Drama
,Titans,(I) (2018– ),7.8,None,58712,Adventure
,Sanju,-2018,7.8,None,44626,Drama
,Raazi,-2018,7.8,None,22502,Drama
,Müslüm,-2018,7.8,None,13640,Drama
,Condor,(2018– ),7.8,None,7806,Drama
,You,(2018– ),7.8,None,122316,Romance
,Maniac,-2018,7.8,None,59459,Sci-Fi
,Titans,(I) (2018– ),7.8,None,58712,Crime
,Raazi,-2018,7.8,None,22502,Thriller
,Müslüm,-2018,7.8,None,13640,Music
,Condor,(2018– ),7.8,None,7806,Thriller
2,Deadpool 2,-2018,7.7,66,449035,Action
10,A Star Is Born,-2018,7.7,88,307605,Drama
12,Mission: Impossible - Fallout,-2018,7.7,86,271292,Action
32,Roma,-2018,7.7,96,129826,Drama
144,The Alienist,-2018,7.7,None,33491,Drama
213,Three Identical Strangers,-2018,7.7,81,21523,Documentary
232,Parmanu: The Story of Pokhran,-2018,7.7,None,19536,Action
241,Ölümlü Dünya,-2018,7.7,None,18160,Action
244,9/1/2001,(2018– ),7.7,None,17991,Action
285,Bharath Ane Nenu,-2018,7.7,None,14809,Action
329,Never Look Away,-2018,7.7,68,12008,Biography
331,Seven Seconds,-2018,7.7,None,11965,Crime
338,McMafia,(2018– ),7.7,None,11695,Crime
384,Deadly Class,(2018–2019),7.7,None,9609,Action
408,A Very English Scandal,(2018–2021),7.7,None,8763,Biography
426,Geetha Govindam,-2018,7.7,None,8400,Drama
,Deadpool 2,-2018,7.7,66,449035,Adventure
,A Star Is Born,-2018,7.7,88,307605,Music
,Mission: Impossible - Fallout,-2018,7.7,86,271292,Adventure
,The Alienist,-2018,7.7,None,33491,Mystery
,Three Identical Strangers,-2018,7.7,81,21523,Biography
,Parmanu: The Story of Pokhran,-2018,7.7,None,19536,Drama
,Ölümlü Dünya,-2018,7.7,None,18160,Comedy
,9/1/2001,(2018– ),7.7,None,17991,Drama
,Bharath Ane Nenu,-2018,7.7,None,14809,Drama
,Never Look Away,-2018,7.7,68,12008,Drama
,Seven Seconds,-2018,7.7,None,11965,Drama
,McMafia,(2018– ),7.7,None,11695,Drama
,Deadly Class,(2018–2019),7.7,None,9609,Adventure
,A Very English Scandal,(2018–2021),7.7,None,8763,Comedy
,Geetha Govindam,-2018,7.7,None,8400,Romance
,Deadpool 2,-2018,7.7,66,449035,Comedy
,A Star Is Born,-2018,7.7,88,307605,Romance
,Mission: Impossible - Fallout,-2018,7.7,86,271292,Thriller
,Three Identical Strangers,-2018,7.7,81,21523,Drama
,Parmanu: The Story of Pokhran,-2018,7.7,None,19536,History
,9/1/2001,(2018– ),7.7,None,17991,Thriller
,Never Look Away,-2018,7.7,68,12008,Romance
,McMafia,(2018– ),7.7,None,11695,Thriller
,Deadly Class,(2018–2019),7.7,None,9609,Comedy
,A Very English Scandal,(2018–2021),7.7,None,8763,Crime
17,Incredibles 2,-2018,7.6,80,232796,Animation
24,The Favourite,-2018,7.6,91,157021,Biography
35,Searching,(III) (2018),7.6,71,124456,Drama
57,"Love, Simon",-2018,7.6,72,91234,Comedy
72,Chilling Adventures of Sabrina,(2018– ),7.6,None,65484,Drama
106,Hotel Mumbai,-2018,7.6,62,45627,Action
112,Cold War,-2018,7.6,90,43626,Drama
133,Elite,(2018– ),7.6,None,37300,Crime
142,Castle Rock,(2018– ),7.6,None,34291,Drama
185,Stree,-2018,7.6,None,24972,Comedy
229,Evil Genius: The True Story of America's Most Diabolical Bank Heist,-2018,7.6,None,19572,Documentary
259,The Resident,(2018– ),7.6,None,16772,Drama
322,Happy as Lazzaro,-2018,7.6,87,12578,Drama
376,Devilman: Crybaby,-2018,7.6,None,9980,Animation
470,A Twelve-Year Night,-2018,7.6,None,7123,Biography
,Incredibles 2,-2018,7.6,80,232796,Action
,The Favourite,-2018,7.6,91,157021,Comedy
,Searching,(III) (2018),7.6,71,124456,Mystery
,"Love, Simon",-2018,7.6,72,91234,Drama
,Chilling Adventures of Sabrina,(2018– ),7.6,None,65484,Fantasy
,Hotel Mumbai,-2018,7.6,62,45627,Drama
,Cold War,-2018,7.6,90,43626,History
,Elite,(2018– ),7.6,None,37300,Drama
,Castle Rock,(2018– ),7.6,None,34291,Fantasy
,Stree,-2018,7.6,None,24972,Horror
,Evil Genius: The True Story of America's Most Diabolical Bank Heist,-2018,7.6,None,19572,Crime
,Happy as Lazzaro,-2018,7.6,87,12578,Fantasy
,Devilman: Crybaby,-2018,7.6,None,9980,Action
,A Twelve-Year Night,-2018,7.6,None,7123,Crime
,Incredibles 2,-2018,7.6,80,232796,Adventure
,The Favourite,-2018,7.6,91,157021,Drama
,Searching,(III) (2018),7.6,71,124456,Thriller
,"Love, Simon",-2018,7.6,72,91234,Romance
,Chilling Adventures of Sabrina,(2018– ),7.6,None,65484,Horror
,Hotel Mumbai,-2018,7.6,62,45627,History
,Cold War,-2018,7.6,90,43626,Music
,Elite,(2018– ),7.6,None,37300,Thriller
,Castle Rock,(2018– ),7.6,None,34291,Horror
,Devilman: Crybaby,-2018,7.6,None,9980,Fantasy
,A Twelve-Year Night,-2018,7.6,None,7123,Drama
4,A Quiet Place,-2018,7.5,82,379303,Drama
5,Ready Player One,-2018,7.5,64,341643,Action
21,BlacKkKlansman,-2018,7.5,83,189254,Biography
28,Upgrade,-2018,7.5,67,136058,Action
121,Burning,-2018,7.5,90,40291,Drama
132,The Guilty,-2018,7.5,83,37448,Crime
225,Bao,-2018,7.5,None,19969,Animation
266,Homecoming,(2018– ),7.5,None,16467,Drama
279,Legacies,(2018– ),7.5,None,15505,Adventure
302,Everything Sucks!,-2018,7.5,None,13559,Comedy
330,October,(II) (2018),7.5,None,12000,Drama
348,Karwaan,-2018,7.5,None,11118,Comedy
363,Mayans M.C.,(2018– ),7.5,None,10574,Crime
375,Kelebekler,-2018,7.5,None,10017,Comedy
379,RBG,-2018,7.5,71,9817,Documentary
392,Hichki,-2018,7.5,None,9304,Comedy
410,Dogs of Berlin,(2018– ),7.5,None,8756,Action
411,Birds of Passage,-2018,7.5,85,8731,Crime
430,Impulse,(2018– ),7.5,None,8291,Action
455,Deception,-2018,7.5,None,7522,Crime
472, The Walking Dead,(2010– ),7.5,None,7053,Drama
,A Quiet Place,-2018,7.5,82,379303,Horror
,Ready Player One,-2018,7.5,64,341643,Adventure
,BlacKkKlansman,-2018,7.5,83,189254,Crime
,Upgrade,-2018,7.5,67,136058,Horror
,Burning,-2018,7.5,90,40291,Mystery
,The Guilty,-2018,7.5,83,37448,Drama
,Bao,-2018,7.5,None,19969,Short
,Homecoming,(2018– ),7.5,None,16467,Thriller
,Legacies,(2018– ),7.5,None,15505,Drama
,October,(II) (2018),7.5,None,12000,Romance
,Karwaan,-2018,7.5,None,11118,Drama
,Mayans M.C.,(2018– ),7.5,None,10574,Drama
,Kelebekler,-2018,7.5,None,10017,Drama
,RBG,-2018,7.5,71,9817,Biography
,Hichki,-2018,7.5,None,9304,Drama
,Dogs of Berlin,(2018– ),7.5,None,8756,Crime
,Birds of Passage,-2018,7.5,85,8731,Drama
,Impulse,(2018– ),7.5,None,8291,Drama
,Deception,-2018,7.5,None,7522,Drama
, The Walking Dead,(2010– ),7.5,None,7053,Horror
,A Quiet Place,-2018,7.5,82,379303,Sci-Fi
,Ready Player One,-2018,7.5,64,341643,Sci-Fi
,BlacKkKlansman,-2018,7.5,83,189254,Drama
,Upgrade,-2018,7.5,67,136058,Sci-Fi
,The Guilty,-2018,7.5,83,37448,Thriller
,Bao,-2018,7.5,None,19969,Family
,Legacies,(2018– ),7.5,None,15505,Fantasy
,Mayans M.C.,(2018– ),7.5,None,10574,Thriller
,Dogs of Berlin,(2018– ),7.5,None,8756,Drama
,Impulse,(2018– ),7.5,None,8291,Sci-Fi
,Deception,-2018,7.5,None,7522,Mystery
, The Walking Dead,(2010– ),7.5,None,7053,Thriller
85,Eighth Grade,-2018,7.4,89,56104,Comedy
123,Mid90s,-2018,7.4,66,40027,Comedy
146,Mirage,-2018,7.4,None,32872,Drama
159,The Guernsey Literary and Potato Peel Pie Society,-2018,7.4,65,29143,Drama
181,The Hate U Give,-2018,7.4,81,25587,Crime
198,Blindspotting,-2018,7.4,77,23165,Comedy
292,Raid,-2018,7.4,None,14310,Action
365,Journal 64,-2018,7.4,None,10539,Crime
434,The Little Drummer Girl,-2018,7.4,None,8222,Drama
483, The Walking Dead,(2010– ),7.4,None,6846,Drama
,Eighth Grade,-2018,7.4,89,56104,Drama
,Mid90s,-2018,7.4,66,40027,Drama
,Mirage,-2018,7.4,None,32872,Mystery
,The Guernsey Literary and Potato Peel Pie Society,-2018,7.4,65,29143,Romance
,The Hate U Give,-2018,7.4,81,25587,Drama
,Blindspotting,-2018,7.4,77,23165,Crime
,Raid,-2018,7.4,None,14310,Crime
,Journal 64,-2018,7.4,None,10539,Mystery
,The Little Drummer Girl,-2018,7.4,None,8222,Thriller
, The Walking Dead,(2010– ),7.4,None,6846,Horror
,Mirage,-2018,7.4,None,32872,Romance
,The Guernsey Literary and Potato Peel Pie Society,-2018,7.4,65,29143,War
,Blindspotting,-2018,7.4,77,23165,Drama
,Raid,-2018,7.4,None,14310,Drama
,Journal 64,-2018,7.4,None,10539,Thriller
, The Walking Dead,(2010– ),7.4,None,6846,Thriller
1,Black Panther,-2018,7.3,88,580324,Action
18,Hereditary,-2018,7.3,87,207223,Drama
26,First Man,-2018,7.3,84,151647,Biography
44,The Ballad of Buster Scruggs,-2018,7.3,79,109456,Comedy
66,Instant Family,-2018,7.3,57,71647,Comedy
69,Lost in Space,(2018– ),7.3,None,68223,Adventure
73,Christopher Robin,-2018,7.3,60,63765,Comedy
108,Beautiful Boy,(I) (2018),7.3,62,44912,Biography
169,Safe,-2018,7.3,None,27503,Drama
289,The Nightingale,(I) (2018),7.3,77,14580,Adventure
310,I Can Only Imagine,-2018,7.3,30,13219,Biography
335,The Death of Superman,(2018 Video),7.3,None,11782,Animation
356,Utøya: July 22,-2018,7.3,71,10767,Drama
357,GOLD,(I) (2018),7.3,None,10701,Drama
362,The American Meme,-2018,7.3,60,10602,Documentary
499,Ordeal by Innocence,-2018,7.3,None,6589,Crime
,Black Panther,-2018,7.3,88,580324,Adventure
,Hereditary,-2018,7.3,87,207223,Horror
,First Man,-2018,7.3,84,151647,Drama
,The Ballad of Buster Scruggs,-2018,7.3,79,109456,Drama
,Instant Family,-2018,7.3,57,71647,Drama
,Lost in Space,(2018– ),7.3,None,68223,Drama
,Christopher Robin,-2018,7.3,60,63765,Drama
,Beautiful Boy,(I) (2018),7.3,62,44912,Drama
,Safe,-2018,7.3,None,27503,Mystery
,The Nightingale,(I) (2018),7.3,77,14580,Drama
,I Can Only Imagine,-2018,7.3,30,13219,Drama
,The Death of Superman,(2018 Video),7.3,None,11782,Action
,Utøya: July 22,-2018,7.3,71,10767,Thriller
,GOLD,(I) (2018),7.3,None,10701,History
,Ordeal by Innocence,-2018,7.3,None,6589,Drama
,Black Panther,-2018,7.3,88,580324,Sci-Fi
,Hereditary,-2018,7.3,87,207223,Mystery
,First Man,-2018,7.3,84,151647,History
,The Ballad of Buster Scruggs,-2018,7.3,79,109456,Musical
,Lost in Space,(2018– ),7.3,None,68223,Family
,Christopher Robin,-2018,7.3,60,63765,Family
,The Nightingale,(I) (2018),7.3,77,14580,Thriller
,I Can Only Imagine,-2018,7.3,30,13219,Family
,The Death of Superman,(2018 Video),7.3,None,11782,Family
,GOLD,(I) (2018),7.3,None,10701,Sport
,Ordeal by Innocence,-2018,7.3,None,6589,Mystery
47,Vice,(I) (2018),7.2,61,107419,Biography
48,Black Mirror: Bandersnatch,(2018 TV Movie),7.2,None,106407,Drama
63,To All the Boys I've Loved Before,-2018,7.2,64,78186,Drama
111,Leave No Trace,-2018,7.2,88,43712,Drama
124,Disenchantment,(2018– ),7.2,None,39252,Animation
155,Arif V 216,-2018,7.2,None,30522,Comedy
163,Stan & Ollie,-2018,7.2,75,28807,Biography
226,Dogman,-2018,7.2,71,19968,Crime
228,Manifest,(2018– ),7.2,None,19821,Drama
299,The Tale,-2018,7.2,90,13808,Drama
305,Private Life,-2018,7.2,83,13447,Comedy
307,Skin,(V) (2018),7.2,58,13362,Biography
358,Girl,(II) (2018),7.2,73,10700,Drama
382,Bonding,(2018– ),7.2,None,9654,Comedy
425,A.P. Bio,(2018– ),7.2,None,8405,Comedy
427,The Crossing,-2018,7.2,None,8336,Adventure
438,Wild Rose,-2018,7.2,80,8115,Comedy
441,Campeones,(I) (2018),7.2,None,8031,Comedy
493,Love Per Square Foot,-2018,7.2,None,6701,Comedy
,Vice,(I) (2018),7.2,61,107419,Comedy
,Black Mirror: Bandersnatch,(2018 TV Movie),7.2,None,106407,Mystery
,To All the Boys I've Loved Before,-2018,7.2,64,78186,Romance
,Disenchantment,(2018– ),7.2,None,39252,Action
,Arif V 216,-2018,7.2,None,30522,Sci-Fi
,Stan & Ollie,-2018,7.2,75,28807,Comedy
,Dogman,-2018,7.2,71,19968,Drama
,Manifest,(2018– ),7.2,None,19821,Mystery
,The Tale,-2018,7.2,90,13808,Mystery
,Private Life,-2018,7.2,83,13447,Drama
,Skin,(V) (2018),7.2,58,13362,Crime
,Bonding,(2018– ),7.2,None,9654,Drama
,The Crossing,-2018,7.2,None,8336,Drama
,Wild Rose,-2018,7.2,80,8115,Drama
,Campeones,(I) (2018),7.2,None,8031,Drama
,Love Per Square Foot,-2018,7.2,None,6701,Romance
,Vice,(I) (2018),7.2,61,107419,Drama
,Black Mirror: Bandersnatch,(2018 TV Movie),7.2,None,106407,Sci-Fi
,Disenchantment,(2018– ),7.2,None,39252,Adventure
,Stan & Ollie,-2018,7.2,75,28807,Drama
,Dogman,-2018,7.2,71,19968,Thriller
,The Tale,-2018,7.2,90,13808,Thriller
,Skin,(V) (2018),7.2,58,13362,Drama
,The Crossing,-2018,7.2,None,8336,Sci-Fi
,Wild Rose,-2018,7.2,80,8115,Music
,Campeones,(I) (2018),7.2,None,8031,Sport
11,Ant-Man and the Wasp,-2018,7.1,70,286120,Action
38,Ralph Breaks the Internet,-2018,7.1,71,118844,Animation
39,Bad Times at the El Royale,-2018,7.1,60,118284,Crime
41,Sicario: Day of the Soldado,-2018,7.1,61,114531,Action
54,Creed II,-2018,7.1,66,95937,Drama
113,Climax,(I) (2018),7.1,67,42983,Drama
115,Can You Ever Forgive Me?,-2018,7.1,87,42564,Biography
116,The Christmas Chronicles,-2018,7.1,52,42370,Adventure
137,If Beale Street Could Talk,-2018,7.1,87,36888,Drama
240,Sonu Ke Titu Ki Sweety,-2018,7.1,None,18310,Comedy
315,Thunder Road,-2018,7.1,79,12861,Comedy
339,Dirty John,(2018– ),7.1,None,11564,Crime
346,Ghoul,(2018– ),7.1,None,11145,Drama
437,Blackmail,(I) (2018),7.1,None,8143,Comedy
,Ant-Man and the Wasp,-2018,7.1,70,286120,Adventure
,Ralph Breaks the Internet,-2018,7.1,71,118844,Adventure
,Bad Times at the El Royale,-2018,7.1,60,118284,Drama
,Sicario: Day of the Soldado,-2018,7.1,61,114531,Adventure
,Creed II,-2018,7.1,66,95937,Sport
,Climax,(I) (2018),7.1,67,42983,Horror
,Can You Ever Forgive Me?,-2018,7.1,87,42564,Comedy
,The Christmas Chronicles,-2018,7.1,52,42370,Comedy
,If Beale Street Could Talk,-2018,7.1,87,36888,Romance
,Sonu Ke Titu Ki Sweety,-2018,7.1,None,18310,Romance
,Thunder Road,-2018,7.1,79,12861,Drama
,Dirty John,(2018– ),7.1,None,11564,Drama
,Ghoul,(2018– ),7.1,None,11145,Fantasy
,Blackmail,(I) (2018),7.1,None,8143,Thriller
,Ant-Man and the Wasp,-2018,7.1,70,286120,Comedy
,Ralph Breaks the Internet,-2018,7.1,71,118844,Comedy
,Bad Times at the El Royale,-2018,7.1,60,118284,Mystery
,Sicario: Day of the Soldado,-2018,7.1,61,114531,Crime
,Climax,(I) (2018),7.1,67,42983,Music
,Can You Ever Forgive Me?,-2018,7.1,87,42564,Crime
,The Christmas Chronicles,-2018,7.1,52,42370,Family
,Ghoul,(2018– ),7.1,None,11145,Horror
6,Aquaman,-2018,7,55,336580,Action
55,The Mule,-2018,7,58,95854,Crime
59,Den of Thieves,-2018,7,49,83721,Action
100,Tully,-2018,7,75,48764,Comedy
102,The Sisters Brothers,-2018,7,78,47375,Crime
139,American Animals,-2018,7,68,35098,Documentary
148,Dragged Across Concrete,-2018,7,60,31678,Action
178,Padmaavat,-2018,7,63,25861,Drama
217,Border,-2018,7,75,20850,Crime
222,On the Basis of Sex,-2018,7,59,20490,Biography
239,The Night Comes for Us,-2018,7,69,18523,Action
340,Paradise PD,(2018– ),7,None,11550,Animation
364,Mirai,-2018,7,81,10549,Animation
370,Shadow,-2018,7,81,10336,Action
371,Siren,(2018– ),7,None,10313,Drama
381,Suicide Squad: Hell to Pay,(2018 Video),7,None,9673,Animation
440, Doctor Who,(2005– ),7,None,8077,Adventure
445,El Angel,-2018,7,61,7821,Biography
448,Then Came You,-2018,7,44,7805,Adventure
457,Sink or Swim,-2018,7,47,7477,Comedy
498,Jiang hu er nü,-2018,7,85,6595,Crime
,Aquaman,-2018,7,55,336580,Adventure
,The Mule,-2018,7,58,95854,Drama
,Den of Thieves,-2018,7,49,83721,Crime
,Tully,-2018,7,75,48764,Drama
,The Sisters Brothers,-2018,7,78,47375,Drama
,American Animals,-2018,7,68,35098,Biography
,Dragged Across Concrete,-2018,7,60,31678,Crime
,Padmaavat,-2018,7,63,25861,History
,Border,-2018,7,75,20850,Drama
,On the Basis of Sex,-2018,7,59,20490,Drama
,The Night Comes for Us,-2018,7,69,18523,Thriller
,Paradise PD,(2018– ),7,None,11550,Action
,Mirai,-2018,7,81,10549,Adventure
,Shadow,-2018,7,81,10336,Adventure
,Siren,(2018– ),7,None,10313,Fantasy
,Suicide Squad: Hell to Pay,(2018 Video),7,None,9673,Action
, Doctor Who,(2005– ),7,None,8077,Drama
,El Angel,-2018,7,61,7821,Crime
,Then Came You,-2018,7,44,7805,Comedy
,Sink or Swim,-2018,7,47,7477,Drama
,Jiang hu er nü,-2018,7,85,6595,Drama
,Aquaman,-2018,7,55,336580,Fantasy
,The Mule,-2018,7,58,95854,Thriller
,Den of Thieves,-2018,7,49,83721,Drama
,Tully,-2018,7,75,48764,Mystery
,The Sisters Brothers,-2018,7,78,47375,Western
,American Animals,-2018,7,68,35098,Crime
,Dragged Across Concrete,-2018,7,60,31678,Drama
,Padmaavat,-2018,7,63,25861,Romance
,Border,-2018,7,75,20850,Fantasy
,Paradise PD,(2018– ),7,None,11550,Comedy
,Mirai,-2018,7,81,10549,Drama
,Shadow,-2018,7,81,10336,Drama
,Suicide Squad: Hell to Pay,(2018 Video),7,None,9673,Fantasy
, Doctor Who,(2005– ),7,None,8077,Family
,El Angel,-2018,7,61,7821,Drama
,Then Came You,-2018,7,44,7805,Drama
,Sink or Swim,-2018,7,47,7477,Sport
,Jiang hu er nü,-2018,7,85,6595,Romance
13,Solo: A Star Wars Story,-2018,6.9,62,269456,Action
14,Annihilation,-2018,6.9,79,262922,Adventure
20,Game Night,(I) (2018),6.9,66,190134,Action
34,Crazy Rich Asians,-2018,6.9,74,124768,Comedy
61,Widows,-2018,6.9,84,79887,Crime
86,Outlaw King,-2018,6.9,59,54419,Action
87,Sorry to Bother You,-2018,6.9,80,54131,Comedy
161,The Protector,(2018– ),6.9,None,28881,Action
170,Boy Erased,-2018,6.9,69,27438,Biography
176,Everybody Knows,-2018,6.9,68,26009,Crime
191,At Eternity's Gate,-2018,6.9,76,24521,Biography
233,"Don't Worry, He Won't Get Far on Foot",-2018,6.9,67,19487,Biography
278,Fahrenheit 11/9,-2018,6.9,69,15663,Documentary
296,Mulk,(I) (2018),6.9,None,13886,Drama
298,Krypton,(2018–2019),6.9,None,13814,Action
400, Doctor Who,(2005– ),6.9,None,9064,Adventure
417,Hearts Beat Loud,-2018,6.9,65,8577,Comedy
491,The Resistance Banker,-2018,6.9,None,6714,Biography
497,Transit,(I) (2018),6.9,82,6597,Drama
,Solo: A Star Wars Story,-2018,6.9,62,269456,Adventure
,Annihilation,-2018,6.9,79,262922,Drama
,Game Night,(I) (2018),6.9,66,190134,Comedy
,Crazy Rich Asians,-2018,6.9,74,124768,Drama
,Widows,-2018,6.9,84,79887,Drama
,Outlaw King,-2018,6.9,59,54419,Biography
,Sorry to Bother You,-2018,6.9,80,54131,Fantasy
,The Protector,(2018– ),6.9,None,28881,Fantasy
,Boy Erased,-2018,6.9,69,27438,Drama
,Everybody Knows,-2018,6.9,68,26009,Drama
,At Eternity's Gate,-2018,6.9,76,24521,Drama
,"Don't Worry, He Won't Get Far on Foot",-2018,6.9,67,19487,Comedy
,Krypton,(2018–2019),6.9,None,13814,Adventure
, Doctor Who,(2005– ),6.9,None,9064,Drama
,Hearts Beat Loud,-2018,6.9,65,8577,Drama
,The Resistance Banker,-2018,6.9,None,6714,Drama
,Transit,(I) (2018),6.9,82,6597,Sci-Fi
,Solo: A Star Wars Story,-2018,6.9,62,269456,Sci-Fi
,Annihilation,-2018,6.9,79,262922,Horror
,Game Night,(I) (2018),6.9,66,190134,Crime
,Crazy Rich Asians,-2018,6.9,74,124768,Romance
,Widows,-2018,6.9,84,79887,Thriller
,Outlaw King,-2018,6.9,59,54419,Drama
,Sorry to Bother You,-2018,6.9,80,54131,Sci-Fi
,The Protector,(2018– ),6.9,None,28881,Sci-Fi
,Everybody Knows,-2018,6.9,68,26009,Mystery
,"Don't Worry, He Won't Get Far on Foot",-2018,6.9,67,19487,Drama
,Krypton,(2018–2019),6.9,None,13814,Drama
, Doctor Who,(2005– ),6.9,None,9064,Family
,Hearts Beat Loud,-2018,6.9,65,8577,Music
,The Resistance Banker,-2018,6.9,None,6714,War
36,Bumblebee,(I) (2018),6.8,66,124174,Action
42,A Simple Favor,-2018,6.8,67,112701,Comedy
88,Suspiria,(I) (2018),6.8,64,53630,Fantasy
96,The House That Jack Built,-2018,6.8,42,50993,Crime
131,Arctic,-2018,6.8,71,37625,Adventure
190,22-Jul,-2018,6.8,69,24672,Crime
223,Wildlife,-2018,6.8,80,20185,Drama
281,Teen Titans Go! To the Movies,-2018,6.8,69,15153,Animation
286,Life Itself,-2018,6.8,21,14635,Drama
325,A Futile and Stupid Gesture,-2018,6.8,55,12370,Biography
333,Sarkar,-2018,6.8,None,11901,Action
355,Nothing to Hide,-2018,6.8,None,10839,Comedy
406,Black '47,-2018,6.8,65,8853,Action
469, The Walking Dead,(2010– ),6.8,None,7128,Drama
,Bumblebee,(I) (2018),6.8,66,124174,Adventure
,A Simple Favor,-2018,6.8,67,112701,Crime
,Suspiria,(I) (2018),6.8,64,53630,Horror
,The House That Jack Built,-2018,6.8,42,50993,Drama
,Arctic,-2018,6.8,71,37625,Drama
,22-Jul,-2018,6.8,69,24672,Drama
,Teen Titans Go! To the Movies,-2018,6.8,69,15153,Action
,Life Itself,-2018,6.8,21,14635,Romance
,A Futile and Stupid Gesture,-2018,6.8,55,12370,Comedy
,Sarkar,-2018,6.8,None,11901,Drama
,Nothing to Hide,-2018,6.8,None,10839,Drama
,Black '47,-2018,6.8,65,8853,Drama
, The Walking Dead,(2010– ),6.8,None,7128,Horror
,Bumblebee,(I) (2018),6.8,66,124174,Sci-Fi
,A Simple Favor,-2018,6.8,67,112701,Drama
,Suspiria,(I) (2018),6.8,64,53630,Mystery
,The House That Jack Built,-2018,6.8,42,50993,Horror
,22-Jul,-2018,6.8,69,24672,History
,Teen Titans Go! To the Movies,-2018,6.8,69,15153,Adventure
, The Walking Dead,(2010– ),6.8,None,7128,Thriller
7,Venom,-2018,6.7,35,331375,Action
40,The Equalizer 2,-2018,6.7,50,118181,Action
65,Mamma Mia! Here We Go Again,-2018,6.7,60,71911,Comedy
67,Mary Poppins Returns,-2018,6.7,66,70816,Comedy
97,Alpha,-2018,6.7,63,49923,Action
136,The Old Man & the Gun,-2018,6.7,80,36961,Biography
160,Summer of 84,-2018,6.7,57,29134,Drama
235,Calibre,-2018,6.7,76,18995,Drama
238,The Professor,-2018,6.7,37,18772,Comedy
243,Freaks,-2018,6.7,63,18018,Drama
252,Colette,(I) (2018),6.7,74,17285,Biography
270,Ben Is Back,-2018,6.7,66,16183,Drama
275,Cloak & Dagger,(2018–2019),6.7,None,15846,Action
287,A Private War,-2018,6.7,75,14607,Biography
313,Forever My Girl,-2018,6.7,36,13165,Drama
326,Batman: Gotham by Gaslight,-2018,6.7,None,12323,Animation
336,The Kindergarten Teacher,-2018,6.7,75,11738,Drama
337,Collateral,-2018,6.7,None,11709,Crime
418,FBI,(2018– ),6.7,None,8526,Crime
458,Kaala,-2018,6.7,None,7400,Action
477,Astérix: Le secret de la potion magique,-2018,6.7,None,6952,Animation
,Venom,-2018,6.7,35,331375,Adventure
,The Equalizer 2,-2018,6.7,50,118181,Crime
,Mamma Mia! Here We Go Again,-2018,6.7,60,71911,Musical
,Mary Poppins Returns,-2018,6.7,66,70816,Family
,Alpha,-2018,6.7,63,49923,Adventure
,The Old Man & the Gun,-2018,6.7,80,36961,Comedy
,Summer of 84,-2018,6.7,57,29134,Horror
,Calibre,-2018,6.7,76,18995,Thriller
,The Professor,-2018,6.7,37,18772,Drama
,Freaks,-2018,6.7,63,18018,Mystery
,Colette,(I) (2018),6.7,74,17285,Drama
,Cloak & Dagger,(2018–2019),6.7,None,15846,Adventure
,A Private War,-2018,6.7,75,14607,Drama
,Forever My Girl,-2018,6.7,36,13165,Music
,Batman: Gotham by Gaslight,-2018,6.7,None,12323,Action
,Collateral,-2018,6.7,None,11709,Drama
,FBI,(2018– ),6.7,None,8526,Drama
,Kaala,-2018,6.7,None,7400,Drama
,Astérix: Le secret de la potion magique,-2018,6.7,None,6952,Adventure
,Venom,-2018,6.7,35,331375,Sci-Fi
,The Equalizer 2,-2018,6.7,50,118181,Thriller
,Mamma Mia! Here We Go Again,-2018,6.7,60,71911,Romance
,Mary Poppins Returns,-2018,6.7,66,70816,Fantasy
,Alpha,-2018,6.7,63,49923,Drama
,The Old Man & the Gun,-2018,6.7,80,36961,Crime
,Summer of 84,-2018,6.7,57,29134,Mystery
,Freaks,-2018,6.7,63,18018,Sci-Fi
,Colette,(I) (2018),6.7,74,17285,History
,Cloak & Dagger,(2018–2019),6.7,None,15846,Drama
,A Private War,-2018,6.7,75,14607,War
,Forever My Girl,-2018,6.7,36,13165,Romance
,Batman: Gotham by Gaslight,-2018,6.7,None,12323,Adventure
,Collateral,-2018,6.7,None,11709,Mystery
,FBI,(2018– ),6.7,None,8526,Mystery
,Astérix: Le secret de la potion magique,-2018,6.7,None,6952,Comedy
15,Bird Box,-2018,6.6,51,257572,Drama
19,Fantastic Beasts: The Crimes of Grindelwald,-2018,6.6,52,201758,Adventure
25,Red Sparrow,-2018,6.6,53,155393,Action
45,Halloween,(I) (2018),6.6,67,108565,Horror
64,Overlord,-2018,6.6,60,76329,Action
84,Mandy,(I) (2018),6.6,81,56511,Action
103,Hunter Killer,-2018,6.6,43,47186,Action
119,Adrift,(I) (2018),6.6,56,41652,Action
145,Peter Rabbit,-2018,6.6,51,32952,Adventure
156,Smallfoot,-2018,6.6,60,30439,Animation
166,Operation Finale,-2018,6.6,58,27900,Biography
180,Dumplin',-2018,6.6,53,25599,Comedy
219,Insatiable,(2018–2019),6.6,None,20644,Comedy
221,Midnight Sun,-2018,6.6,38,20524,Drama
257,The Miseducation of Cameron Post,-2018,6.6,69,16873,Drama
265,"Juliet, Naked",-2018,6.6,67,16522,Comedy
308,The Command,-2018,6.6,55,13323,Action
318,Next Gen,(I) (2018),6.6,None,12785,Animation
367,The Angel,-2018,6.6,None,10517,Drama
467,The ABC Murders,-2018,6.6,None,7179,Crime
471,T-34,-2018,6.6,None,7059,Action
489,"Paul, Apostle of Christ",-2018,6.6,52,6757,Adventure
,Bird Box,-2018,6.6,51,257572,Horror
,Fantastic Beasts: The Crimes of Grindelwald,-2018,6.6,52,201758,Family
,Red Sparrow,-2018,6.6,53,155393,Drama
,Halloween,(I) (2018),6.6,67,108565,Thriller
,Overlord,-2018,6.6,60,76329,Adventure
,Mandy,(I) (2018),6.6,81,56511,Fantasy
,Hunter Killer,-2018,6.6,43,47186,Adventure
,Adrift,(I) (2018),6.6,56,41652,Adventure
,Peter Rabbit,-2018,6.6,51,32952,Comedy
,Smallfoot,-2018,6.6,60,30439,Adventure
,Operation Finale,-2018,6.6,58,27900,Drama
,Dumplin',-2018,6.6,53,25599,Drama
,Insatiable,(2018–2019),6.6,None,20644,Drama
,Midnight Sun,-2018,6.6,38,20524,Romance
,"Juliet, Naked",-2018,6.6,67,16522,Drama
,The Command,-2018,6.6,55,13323,Adventure
,Next Gen,(I) (2018),6.6,None,12785,Action
,The Angel,-2018,6.6,None,10517,Thriller
,The ABC Murders,-2018,6.6,None,7179,Drama
,T-34,-2018,6.6,None,7059,War
,"Paul, Apostle of Christ",-2018,6.6,52,6757,Biography
,Bird Box,-2018,6.6,51,257572,Sci-Fi
,Fantastic Beasts: The Crimes of Grindelwald,-2018,6.6,52,201758,Fantasy
,Red Sparrow,-2018,6.6,53,155393,Thriller
,Overlord,-2018,6.6,60,76329,Horror
,Mandy,(I) (2018),6.6,81,56511,Horror
,Hunter Killer,-2018,6.6,43,47186,Thriller
,Adrift,(I) (2018),6.6,56,41652,Biography
,Peter Rabbit,-2018,6.6,51,32952,Family
,Smallfoot,-2018,6.6,60,30439,Comedy
,Operation Finale,-2018,6.6,58,27900,History
,Insatiable,(2018–2019),6.6,None,20644,Thriller
,"Juliet, Naked",-2018,6.6,67,16522,Music
,The Command,-2018,6.6,55,13323,Drama
,Next Gen,(I) (2018),6.6,None,12785,Adventure
,The ABC Murders,-2018,6.6,None,7179,Mystery
,"Paul, Apostle of Christ",-2018,6.6,52,6757,Drama
50,Tag,(I) (2018),6.5,56,103321,Comedy
75,12 Strong,-2018,6.5,54,61273,Action
91,Mowgli: Legend of the Jungle,-2018,6.5,51,52964,Adventure
104,Peppermint,-2018,6.5,29,46902,Action
128,Set It Up,-2018,6.5,62,38294,Comedy
165,Under the Silver Lake,-2018,6.5,60,28267,Crime
291,The Clovehitch Killer,-2018,6.5,59,14376,Crime
359,Lords of Chaos,-2018,6.5,48,10689,Biography
404,Lust Stories,-2018,6.5,None,8888,Drama
468,Behind the Curve,-2018,6.5,None,7171,Documentary
495,Station 19,(2018– ),6.5,None,6637,Action
,12 Strong,-2018,6.5,54,61273,Drama
,Mowgli: Legend of the Jungle,-2018,6.5,51,52964,Drama
,Peppermint,-2018,6.5,29,46902,Drama
,Set It Up,-2018,6.5,62,38294,Romance
,Under the Silver Lake,-2018,6.5,60,28267,Drama
,The Clovehitch Killer,-2018,6.5,59,14376,Drama
,Lords of Chaos,-2018,6.5,48,10689,Drama
,Lust Stories,-2018,6.5,None,8888,Romance
,Station 19,(2018– ),6.5,None,6637,Drama
,12 Strong,-2018,6.5,54,61273,History
,Mowgli: Legend of the Jungle,-2018,6.5,51,52964,Fantasy
,Peppermint,-2018,6.5,29,46902,Thriller
,Under the Silver Lake,-2018,6.5,60,28267,Mystery
,The Clovehitch Killer,-2018,6.5,59,14376,Mystery
,Lords of Chaos,-2018,6.5,48,10689,Horror
,Station 19,(2018– ),6.5,None,6637,Romance
80,Death Wish,-2018,6.4,31,58814,Action
125,When We First Met,-2018,6.4,36,39014,Comedy
135,Unsane,-2018,6.4,63,37025,Drama
200,White Boy Rick,-2018,6.4,59,22939,Crime
211,Incident in a Ghostland,-2018,6.4,44,21709,Drama
249,Beirut,-2018,6.4,69,17452,Action
260,Every Day,-2018,6.4,52,16726,Drama
263,Bad Samaritan,-2018,6.4,42,16628,Crime
303,The Man Who Killed Don Quixote,-2018,6.4,58,13529,Adventure
361,The Purge,(2018– ),6.4,None,10647,Action
385,Bleach,-2018,6.4,None,9604,Action
463,Irreplaceable You,-2018,6.4,34,7275,Comedy
464,Nappily Ever After,-2018,6.4,63,7226,Comedy
478,Ideal Home,-2018,6.4,62,6933,Comedy
,Death Wish,-2018,6.4,31,58814,Crime
,When We First Met,-2018,6.4,36,39014,Fantasy
,Unsane,-2018,6.4,63,37025,Horror
,White Boy Rick,-2018,6.4,59,22939,Drama
,Incident in a Ghostland,-2018,6.4,44,21709,Horror
,Beirut,-2018,6.4,69,17452,Drama
,Every Day,-2018,6.4,52,16726,Fantasy
,Bad Samaritan,-2018,6.4,42,16628,Horror
,The Man Who Killed Don Quixote,-2018,6.4,58,13529,Comedy
,The Purge,(2018– ),6.4,None,10647,Drama
,Bleach,-2018,6.4,None,9604,Adventure
,Irreplaceable You,-2018,6.4,34,7275,Drama
,Nappily Ever After,-2018,6.4,63,7226,Drama
,Ideal Home,-2018,6.4,62,6933,Drama
,Death Wish,-2018,6.4,31,58814,Drama
,When We First Met,-2018,6.4,36,39014,Romance
,Unsane,-2018,6.4,63,37025,Mystery
,Incident in a Ghostland,-2018,6.4,44,21709,Mystery
,Beirut,-2018,6.4,69,17452,Thriller
,Every Day,-2018,6.4,52,16726,Romance
,Bad Samaritan,-2018,6.4,42,16628,Thriller
,The Man Who Killed Don Quixote,-2018,6.4,58,13529,Drama
,The Purge,(2018– ),6.4,None,10647,Horror
,Bleach,-2018,6.4,None,9604,Fantasy
,Irreplaceable You,-2018,6.4,34,7275,Romance
,Nappily Ever After,-2018,6.4,63,7226,Romance
22,Tomb Raider,-2018,6.3,48,181568,Action
52,The Commuter,(I) (2018),6.3,56,97160,Action
94,Hotel Transylvania 3: Summer Vacation,-2018,6.3,54,51428,Animation
110,The Grinch,-2018,6.3,51,43786,Animation
129,Apostle,-2018,6.3,62,37993,Drama
138,Mary Queen of Scots,-2018,6.3,60,35112,Biography
183,The Rain,(2018– ),6.3,None,25243,Sci-Fi
227,2,-2018,6.3,None,19895,Action
237,The Outsider,(I) (2018),6.3,30,18805,Crime
306,Alex Strangelove,-2018,6.3,62,13436,Comedy
351,Je ne suis pas un homme facile,-2018,6.3,None,10896,Comedy
439,Gloria Bell,-2018,6.3,79,8085,Comedy
449,Red Joan,-2018,6.3,45,7751,Biography
,Tomb Raider,-2018,6.3,48,181568,Adventure
,The Commuter,(I) (2018),6.3,56,97160,Mystery
,Hotel Transylvania 3: Summer Vacation,-2018,6.3,54,51428,Adventure
,The Grinch,-2018,6.3,51,43786,Comedy
,Apostle,-2018,6.3,62,37993,Fantasy
,Mary Queen of Scots,-2018,6.3,60,35112,Drama
,The Rain,(2018– ),6.3,None,25243,Thriller
,2,-2018,6.3,None,19895,Sci-Fi
,The Outsider,(I) (2018),6.3,30,18805,Drama
,Alex Strangelove,-2018,6.3,62,13436,Drama
,Gloria Bell,-2018,6.3,79,8085,Drama
,Red Joan,-2018,6.3,45,7751,Drama
,Tomb Raider,-2018,6.3,48,181568,Fantasy
,The Commuter,(I) (2018),6.3,56,97160,Thriller
,Hotel Transylvania 3: Summer Vacation,-2018,6.3,54,51428,Comedy
,The Grinch,-2018,6.3,51,43786,Family
,Apostle,-2018,6.3,62,37993,Horror
,Mary Queen of Scots,-2018,6.3,60,35112,History
,The Outsider,(I) (2018),6.3,30,18805,Thriller
,Alex Strangelove,-2018,6.3,62,13436,Romance
,Gloria Bell,-2018,6.3,79,8085,Romance
,Red Joan,-2018,6.3,45,7751,History
16,Jurassic World: Fallen Kingdom,-2018,6.2,51,247420,Action
23,Ocean's 8,-2018,6.2,61,168999,Action
49,Maze Runner: The Death Cure,-2018,6.2,50,103733,Action
71,Blockers,-2018,6.2,69,66359,Comedy
83,Johnny English Strikes Again,-2018,6.2,39,57223,Action
206,Destroyer,-2018,6.2,62,22442,Action
262,Welcome to Marwen,-2018,6.2,40,16651,Biography
272,Prospect,-2018,6.2,68,16137,Drama
374,Galveston,-2018,6.2,57,10094,Action
380,The Hummingbird Project,-2018,6.2,58,9687,Drama
424,UFO,-2018,6.2,None,8421,Drama
432,The Quake,-2018,6.2,70,8240,Action
487,Accident Man,-2018,6.2,None,6800,Action
,Jurassic World: Fallen Kingdom,-2018,6.2,51,247420,Adventure
,Ocean's 8,-2018,6.2,61,168999,Comedy
,Maze Runner: The Death Cure,-2018,6.2,50,103733,Adventure
,Johnny English Strikes Again,-2018,6.2,39,57223,Adventure
,Destroyer,-2018,6.2,62,22442,Crime
,Welcome to Marwen,-2018,6.2,40,16651,Comedy
,Prospect,-2018,6.2,68,16137,Sci-Fi
,Galveston,-2018,6.2,57,10094,Crime
,The Hummingbird Project,-2018,6.2,58,9687,Thriller
,UFO,-2018,6.2,None,8421,Mystery
,The Quake,-2018,6.2,70,8240,Drama
,Accident Man,-2018,6.2,None,6800,Crime
,Jurassic World: Fallen Kingdom,-2018,6.2,51,247420,Sci-Fi
,Ocean's 8,-2018,6.2,61,168999,Crime
,Maze Runner: The Death Cure,-2018,6.2,50,103733,Sci-Fi
,Johnny English Strikes Again,-2018,6.2,39,57223,Comedy
,Destroyer,-2018,6.2,62,22442,Drama
,Welcome to Marwen,-2018,6.2,40,16651,Drama
,Prospect,-2018,6.2,68,16137,Thriller
,Galveston,-2018,6.2,57,10094,Drama
,UFO,-2018,6.2,None,8421,Sci-Fi
,The Quake,-2018,6.2,70,8240,Thriller
,Accident Man,-2018,6.2,None,6800,Thriller
30,Rampage,-2018,6.1,45,133082,Action
56,Mortal Engines,-2018,6.1,44,94191,Action
78,Mile 22,-2018,6.1,38,59884,Action
90,The Kissing Booth,-2018,6.1,None,52975,Comedy
127,Hotel Artemis,-2018,6.1,58,38760,Action
134,The Girl in the Spider's Web,-2018,6.1,43,37206,Action
141,Anon,(I) (2018),6.1,54,34367,Crime
154,The Perfection,-2018,6.1,60,30654,Drama
189,Gringo,-2018,6.1,46,24690,Action
199,Book Club,(I) (2018),6.1,53,23053,Comedy
230,Black Lightning,(2018– ),6.1,None,19561,Action
242,Early Man,-2018,6.1,68,18079,Animation
254,Like Father,-2018,6.1,52,17254,Comedy
377,The Front Runner,-2018,6.1,61,9921,Biography
415,Stockholm,(I) (2018),6.1,54,8592,Biography
485,Zoe,(I) (2018),6.1,39,6829,Romance
490,Teen Spirit,-2018,6.1,57,6746,Drama
,Rampage,-2018,6.1,45,133082,Adventure
,Mortal Engines,-2018,6.1,44,94191,Adventure
,Mile 22,-2018,6.1,38,59884,Thriller
,The Kissing Booth,-2018,6.1,None,52975,Romance
,Hotel Artemis,-2018,6.1,58,38760,Crime
,The Girl in the Spider's Web,-2018,6.1,43,37206,Crime
,Anon,(I) (2018),6.1,54,34367,Drama
,The Perfection,-2018,6.1,60,30654,Horror
,Gringo,-2018,6.1,46,24690,Comedy
,Book Club,(I) (2018),6.1,53,23053,Drama
,Black Lightning,(2018– ),6.1,None,19561,Drama
,Early Man,-2018,6.1,68,18079,Adventure
,Like Father,-2018,6.1,52,17254,Drama
,The Front Runner,-2018,6.1,61,9921,Drama
,Stockholm,(I) (2018),6.1,54,8592,Comedy
,Zoe,(I) (2018),6.1,39,6829,Sci-Fi
,Teen Spirit,-2018,6.1,57,6746,Music
,Rampage,-2018,6.1,45,133082,Sci-Fi
,Mortal Engines,-2018,6.1,44,94191,Fantasy
,Hotel Artemis,-2018,6.1,58,38760,Drama
,The Girl in the Spider's Web,-2018,6.1,43,37206,Drama
,Anon,(I) (2018),6.1,54,34367,Mystery
,The Perfection,-2018,6.1,60,30654,Thriller
,Gringo,-2018,6.1,46,24690,Crime
,Book Club,(I) (2018),6.1,53,23053,Romance
,Black Lightning,(2018– ),6.1,None,19561,Sci-Fi
,Early Man,-2018,6.1,68,18079,Comedy
,The Front Runner,-2018,6.1,61,9921,History
,Stockholm,(I) (2018),6.1,54,8592,Crime
74,The Spy Who Dumped Me,-2018,6,52,62677,Action
120,The House with a Clock in Its Walls,-2018,6,57,40880,Comedy
149,Overboard,-2018,6,42,31650,Comedy
184,Braven,-2018,6,61,25203,Action
203,Super Troopers 2,-2018,6,41,22702,Comedy
209,Destination Wedding,-2018,6,46,22117,Comedy
210,Greta,-2018,6,54,21850,Drama
245,The Princess Switch,-2018,6,None,17671,Romance
246,Traffik,-2018,6,37,17654,Action
317,Look Away,-2018,6,None,12789,Fantasy
423,The Night Eats the World,-2018,6,50,8438,Drama
442,Office Uprising,-2018,6,None,8007,Action
482, Doctor Who,(2005– ),6,None,6853,Adventure
,The Spy Who Dumped Me,-2018,6,52,62677,Adventure
,The House with a Clock in Its Walls,-2018,6,57,40880,Family
,Overboard,-2018,6,42,31650,Romance
,Braven,-2018,6,61,25203,Thriller
,Super Troopers 2,-2018,6,41,22702,Crime
,Destination Wedding,-2018,6,46,22117,Drama
,Greta,-2018,6,54,21850,Mystery
,Traffik,-2018,6,37,17654,Crime
,Look Away,-2018,6,None,12789,Horror
,The Night Eats the World,-2018,6,50,8438,Horror
,Office Uprising,-2018,6,None,8007,Comedy
, Doctor Who,(2005– ),6,None,6853,Drama
,The Spy Who Dumped Me,-2018,6,52,62677,Comedy
,The House with a Clock in Its Walls,-2018,6,57,40880,Fantasy
,Super Troopers 2,-2018,6,41,22702,Mystery
,Destination Wedding,-2018,6,46,22117,Romance
,Greta,-2018,6,54,21850,Thriller
,Traffik,-2018,6,37,17654,Drama
,Look Away,-2018,6,None,12789,Thriller
,The Night Eats the World,-2018,6,50,8438,Thriller
,Office Uprising,-2018,6,None,8007,Horror
, Doctor Who,(2005– ),6,None,6853,Family
201,Cam,-2018,5.9,71,22847,Horror
234,Unfriended: Dark Web,-2018,5.9,53,19434,Horror
282,Simmba,-2018,5.9,None,14931,Action
290,Vox Lux,-2018,5.9,67,14562,Drama
314,Assassination Nation,-2018,5.9,56,12893,Action
354,Nightflyers,-2018,5.9,None,10852,Horror
360,Night Hunter,-2018,5.9,31,10658,Action
494,The Isle,-2018,5.9,None,6671,Fantasy
,Cam,-2018,5.9,71,22847,Mystery
,Unfriended: Dark Web,-2018,5.9,53,19434,Mystery
,Simmba,-2018,5.9,None,14931,Comedy
,Vox Lux,-2018,5.9,67,14562,Music
,Assassination Nation,-2018,5.9,56,12893,Comedy
,Nightflyers,-2018,5.9,None,10852,Sci-Fi
,Night Hunter,-2018,5.9,31,10658,Crime
,The Isle,-2018,5.9,None,6671,Mystery
,Cam,-2018,5.9,71,22847,Thriller
,Unfriended: Dark Web,-2018,5.9,53,19434,Thriller
,Simmba,-2018,5.9,None,14931,Drama
,Assassination Nation,-2018,5.9,56,12893,Crime
,Night Hunter,-2018,5.9,31,10658,Drama
,The Isle,-2018,5.9,None,6671,Thriller
53,Skyscraper,-2018,5.8,51,96524,Action
114,Extinction,-2018,5.8,40,42626,Action
147,Sierra Burgess Is a Loser,-2018,5.8,60,32212,Comedy
194,Tau,-2018,5.8,43,24161,Sci-Fi
197,High Life,-2018,5.8,77,23777,Adventure
224,Second Act,-2018,5.8,46,20052,Comedy
319,7 Days in Entebbe,-2018,5.8,49,12713,Action
324,Kin,(I) (2018),5.8,35,12378,Action
328,The Vanishing,-2018,5.8,64,12219,Crime
343,In Darkness,-2018,5.8,59,11304,Mystery
450,Mary Magdalene,-2018,5.8,48,7739,Biography
459,I Still See You,-2018,5.8,31,7365,Fantasy
460,Tyler Perry's Acrimony,-2018,5.8,32,7362,Drama
,Skyscraper,-2018,5.8,51,96524,Adventure
,Extinction,-2018,5.8,40,42626,Drama
,Sierra Burgess Is a Loser,-2018,5.8,60,32212,Drama
,Tau,-2018,5.8,43,24161,Thriller
,High Life,-2018,5.8,77,23777,Drama
,Second Act,-2018,5.8,46,20052,Drama
,7 Days in Entebbe,-2018,5.8,49,12713,Drama
,Kin,(I) (2018),5.8,35,12378,Adventure
,The Vanishing,-2018,5.8,64,12219,Drama
,In Darkness,-2018,5.8,59,11304,Thriller
,Mary Magdalene,-2018,5.8,48,7739,Drama
,I Still See You,-2018,5.8,31,7365,Thriller
,Tyler Perry's Acrimony,-2018,5.8,32,7362,Romance
,Skyscraper,-2018,5.8,51,96524,Thriller
,Extinction,-2018,5.8,40,42626,Sci-Fi
,Sierra Burgess Is a Loser,-2018,5.8,60,32212,Romance
,High Life,-2018,5.8,77,23777,Horror
,Second Act,-2018,5.8,46,20052,Romance
,7 Days in Entebbe,-2018,5.8,49,12713,History
,Kin,(I) (2018),5.8,35,12378,Crime
,The Vanishing,-2018,5.8,64,12219,Mystery
,Tyler Perry's Acrimony,-2018,5.8,32,7362,Thriller
29,The Meg,-2018,5.7,46,135278,Action
99,Insidious: The Last Key,-2018,5.7,49,48829,Horror
174,The Darkest Minds,-2018,5.7,39,26324,Action
341,Uncle Drew,-2018,5.7,57,11344,Comedy
413,Final Score,-2018,5.7,53,8613,Action
414,Little Italy,-2018,5.7,28,8596,Comedy
443,The Domestics,-2018,5.7,None,7930,Action
451,Magnum P.I.,(2018– ),5.7,None,7737,Action
473,The Holiday Calendar,-2018,5.7,None,7033,Drama
484,I Think We're Alone Now,-2018,5.7,51,6837,Drama
,The Meg,-2018,5.7,46,135278,Horror
,Insidious: The Last Key,-2018,5.7,49,48829,Mystery
,The Darkest Minds,-2018,5.7,39,26324,Adventure
,Uncle Drew,-2018,5.7,57,11344,Sport
,Final Score,-2018,5.7,53,8613,Drama
,Little Italy,-2018,5.7,28,8596,Romance
,The Domestics,-2018,5.7,None,7930,Horror
,Magnum P.I.,(2018– ),5.7,None,7737,Adventure
,The Holiday Calendar,-2018,5.7,None,7033,Fantasy
,I Think We're Alone Now,-2018,5.7,51,6837,Mystery
,The Meg,-2018,5.7,46,135278,Sci-Fi
,Insidious: The Last Key,-2018,5.7,49,48829,Thriller
,The Darkest Minds,-2018,5.7,39,26324,Drama
,Final Score,-2018,5.7,53,8613,Thriller
,The Domestics,-2018,5.7,None,7930,Sci-Fi
,Magnum P.I.,(2018– ),5.7,None,7737,Crime
,The Holiday Calendar,-2018,5.7,None,7033,Romance
,I Think We're Alone Now,-2018,5.7,51,6837,Sci-Fi
51,Pacific Rim: Uprising,-2018,5.6,44,100143,Action
150,Hold the Dark,-2018,5.6,63,31047,Drama
152,Life of the Party,(I) (2018),5.6,46,30803,Comedy
153,Night School,-2018,5.6,43,30773,Comedy
271,Batman Ninja,-2018,5.6,None,16183,Animation
276,Goosebumps 2: Haunted Halloween,-2018,5.6,53,15752,Adventure
383,Billionaire Boys Club,-2018,5.6,30,9631,Biography
409,The Man Who Killed Hitler and Then the Bigfoot,-2018,5.6,51,8758,Adventure
412,Spinning Man,-2018,5.6,44,8649,Drama
447,A.I. Rising,-2018,5.6,None,7806,Drama
,Pacific Rim: Uprising,-2018,5.6,44,100143,Adventure
,Hold the Dark,-2018,5.6,63,31047,Horror
,Batman Ninja,-2018,5.6,None,16183,Action
,Goosebumps 2: Haunted Halloween,-2018,5.6,53,15752,Comedy
,Billionaire Boys Club,-2018,5.6,30,9631,Drama
,The Man Who Killed Hitler and Then the Bigfoot,-2018,5.6,51,8758,Drama
,Spinning Man,-2018,5.6,44,8649,Mystery
,A.I. Rising,-2018,5.6,None,7806,Romance
,Pacific Rim: Uprising,-2018,5.6,44,100143,Sci-Fi
,Hold the Dark,-2018,5.6,63,31047,Mystery
,Batman Ninja,-2018,5.6,None,16183,Sci-Fi
,Goosebumps 2: Haunted Halloween,-2018,5.6,53,15752,Family
,Billionaire Boys Club,-2018,5.6,30,9631,Thriller
,The Man Who Killed Hitler and Then the Bigfoot,-2018,5.6,51,8758,Sci-Fi
,Spinning Man,-2018,5.6,44,8649,Thriller
,A.I. Rising,-2018,5.6,None,7806,Sci-Fi
58,The Cloverfield Paradox,-2018,5.5,37,90526,Adventure
107,I Feel Pretty,-2018,5.5,48,45480,Comedy
171,Replicas,-2018,5.5,19,27391,Drama
177,The Nutcracker and the Four Realms,-2018,5.5,39,25952,Adventure
202,Nothing to Lose,-2018,5.5,None,22809,Biography
208,Zero,(III) (2018),5.5,None,22281,Comedy
321,The Package,(II) (2018),5.5,None,12595,Comedy
327,Hell Fest,-2018,5.5,26,12246,Horror
350,Wildling,-2018,5.5,58,10950,Drama
366,King of Thieves,-2018,5.5,47,10521,Crime
476,The Little Stranger,-2018,5.5,67,6953,Drama
,The Cloverfield Paradox,-2018,5.5,37,90526,Drama
,I Feel Pretty,-2018,5.5,48,45480,Romance
,Replicas,-2018,5.5,19,27391,Sci-Fi
,The Nutcracker and the Four Realms,-2018,5.5,39,25952,Family
,Nothing to Lose,-2018,5.5,None,22809,Drama
,Zero,(III) (2018),5.5,None,22281,Drama
,The Package,(II) (2018),5.5,None,12595,Thriller
,Hell Fest,-2018,5.5,26,12246,Thriller
,Wildling,-2018,5.5,58,10950,Fantasy
,King of Thieves,-2018,5.5,47,10521,Drama
,The Little Stranger,-2018,5.5,67,6953,Horror
,The Cloverfield Paradox,-2018,5.5,37,90526,Horror
,Replicas,-2018,5.5,19,27391,Thriller
,The Nutcracker and the Four Realms,-2018,5.5,39,25952,Fantasy
,Zero,(III) (2018),5.5,None,22281,Romance
,Wildling,-2018,5.5,58,10950,Horror
,The Little Stranger,-2018,5.5,67,6953,Mystery
43,The Predator,-2018,5.4,48,109694,Action
164,Mute,(II) (2018),5.4,35,28482,Mystery
167,Winchester,-2018,5.4,28,27750,Biography
192,"Game Over, Man!",-2018,5.4,32,24346,Action
207,The Happytime Murders,-2018,5.4,27,22388,Action
251,Terminal,(I) (2018),5.4,27,17371,Crime
323,Breaking In,-2018,5.4,42,12494,Action
,The Predator,-2018,5.4,48,109694,Adventure
,Mute,(II) (2018),5.4,35,28482,Sci-Fi
,Winchester,-2018,5.4,28,27750,Drama
,"Game Over, Man!",-2018,5.4,32,24346,Comedy
,The Happytime Murders,-2018,5.4,27,22388,Comedy
,Terminal,(I) (2018),5.4,27,17371,Drama
,Breaking In,-2018,5.4,42,12494,Crime
,The Predator,-2018,5.4,48,109694,Sci-Fi
,Mute,(II) (2018),5.4,35,28482,Thriller
,Winchester,-2018,5.4,28,27750,Fantasy
,The Happytime Murders,-2018,5.4,27,22388,Crime
,Terminal,(I) (2018),5.4,27,17371,Thriller
,Breaking In,-2018,5.4,42,12494,Drama
46,The Nun,-2018,5.3,46,108176,Horror
82,Robin Hood,-2018,5.3,32,58395,Action
396,Acts of Violence,-2018,5.3,28,9142,Action
403,A-X-L,-2018,5.3,29,8940,Action
461,The Conners,(2018– ),5.3,None,7336,Comedy
,The Nun,-2018,5.3,46,108176,Mystery
,Robin Hood,-2018,5.3,32,58395,Adventure
,Acts of Violence,-2018,5.3,28,9142,Crime
,A-X-L,-2018,5.3,29,8940,Adventure
,The Nun,-2018,5.3,46,108176,Thriller
,Robin Hood,-2018,5.3,32,58395,Fantasy
,Acts of Violence,-2018,5.3,28,9142,Drama
,A-X-L,-2018,5.3,29,8940,Family
98,The First Purge,-2018,5.2,54,49608,Action
117,Truth or Dare,(I) (2018),5.2,35,42191,Horror
173,The 15:17 to Paris,-2018,5.2,45,26716,Biography
187,The Strangers: Prey at Night,-2018,5.2,48,24915,Horror
269,The Possession of Hannah Grace,-2018,5.2,37,16254,Horror
288,Ibiza,-2018,5.2,56,14603,Comedy
389,Sherlock Gnomes,-2018,5.2,36,9419,Animation
405,Father of the Year,-2018,5.2,32,8869,Comedy
419,Slaughterhouse Rulez,-2018,5.2,39,8485,Action
452,A Christmas Prince: The Royal Wedding,-2018,5.2,None,7677,Drama
,The First Purge,-2018,5.2,54,49608,Horror
,Truth or Dare,(I) (2018),5.2,35,42191,Thriller
,The 15:17 to Paris,-2018,5.2,45,26716,Drama
,The Possession of Hannah Grace,-2018,5.2,37,16254,Mystery
,Ibiza,-2018,5.2,56,14603,Romance
,Sherlock Gnomes,-2018,5.2,36,9419,Adventure
,Slaughterhouse Rulez,-2018,5.2,39,8485,Comedy
,A Christmas Prince: The Royal Wedding,-2018,5.2,None,7677,Romance
,The First Purge,-2018,5.2,54,49608,Sci-Fi
,The 15:17 to Paris,-2018,5.2,45,26716,Thriller
,The Possession of Hannah Grace,-2018,5.2,37,16254,Thriller
,Sherlock Gnomes,-2018,5.2,36,9419,Comedy
,Slaughterhouse Rulez,-2018,5.2,39,8485,Fantasy
247,The Hurricane Heist,-2018,5.1,35,17615,Action
258,The Week Of,-2018,5.1,41,16791,Comedy
347,Occupation,-2018,5.1,45,11134,Action
373,Down a Dark Hall,-2018,5.1,56,10146,Drama
402,Action Point,-2018,5.1,36,9000,Comedy
,The Hurricane Heist,-2018,5.1,35,17615,Adventure
,Occupation,-2018,5.1,45,11134,Drama
,Down a Dark Hall,-2018,5.1,56,10146,Fantasy
,The Hurricane Heist,-2018,5.1,35,17615,Crime
,Occupation,-2018,5.1,45,11134,Sci-Fi
,Down a Dark Hall,-2018,5.1,56,10146,Horror
118,How It Ends,-2018,5,36,41692,Action
,How It Ends,-2018,5,36,41692,Adventure
,How It Ends,-2018,5,36,41692,Drama
268,Fahrenheit 451,-2018,4.9,None,16295,Drama
428,Baaghi 2,-2018,4.9,None,8333,Action
436,Proud Mary,-2018,4.9,35,8199,Action
,Fahrenheit 451,-2018,4.9,None,16295,Sci-Fi
,Baaghi 2,-2018,4.9,None,8333,Thriller
,Proud Mary,-2018,4.9,35,8199,Crime
,Fahrenheit 451,-2018,4.9,None,16295,Thriller
,Proud Mary,-2018,4.9,35,8199,Drama
175,The Titan,-2018,4.8,33,26307,Drama
320,Gotti,-2018,4.8,24,12602,Biography
394,Malevolent,(III) (2018),4.8,None,9240,Horror
,The Titan,-2018,4.8,33,26307,Mystery
,Gotti,-2018,4.8,24,12602,Crime
,The Titan,-2018,4.8,33,26307,Romance
,Gotti,-2018,4.8,24,12602,Drama
456,Taxi 5,-2018,4.7,None,7498,Action
,Taxi 5,-2018,4.7,None,7498,Adventure
,Taxi 5,-2018,4.7,None,7498,Comedy
416,Dhadak,-2018,4.6,None,8578,Drama
,Dhadak,-2018,4.6,None,8578,Romance
95,Fifty Shades Freed,-2018,4.5,31,51166,Drama
332,Charmed,(2018– ),4.5,None,11956,Drama
,Fifty Shades Freed,-2018,4.5,31,51166,Romance
,Charmed,(2018– ),4.5,None,11956,Fantasy
,Fifty Shades Freed,-2018,4.5,31,51166,Thriller
479,Patient Zero,(I) (2018),4.4,None,6923,Action
,Patient Zero,(I) (2018),4.4,None,6923,Drama
,Patient Zero,(I) (2018),4.4,None,6923,Horror
352,Siberia,-2018,4.3,34,10890,Crime
,Siberia,-2018,4.3,34,10890,Romance
,Siberia,-2018,4.3,34,10890,Thriller
126,A Wrinkle in Time,-2018,4.2,53,38888,Adventure
454,The Little Mermaid,-2018,4.2,None,7550,Adventure
,A Wrinkle in Time,-2018,4.2,53,38888,Family
,The Little Mermaid,-2018,4.2,None,7550,Drama
,A Wrinkle in Time,-2018,4.2,53,38888,Fantasy
,The Little Mermaid,-2018,4.2,None,7550,Fantasy
89,Enes Batur Hayal mi Gerçek mi?,-2018,4.1,None,53495,Comedy
261,Thugs of Hindostan,-2018,4,None,16685,Action
,Thugs of Hindostan,-2018,4,None,16685,Adventure
172,Holmes & Watson,-2018,3.8,24,27110,Comedy
179,Escape Plan 2: Hades,-2018,3.8,None,25854,Action
345,Troy: Fall of a City,(2018– ),3.8,None,11193,Action
,Holmes & Watson,-2018,3.8,24,27110,Crime
,Escape Plan 2: Hades,-2018,3.8,None,25854,Crime
,Troy: Fall of a City,(2018– ),3.8,None,11193,Adventure
,Holmes & Watson,-2018,3.8,24,27110,Mystery
,Escape Plan 2: Hades,-2018,3.8,None,25854,Mystery
,Troy: Fall of a City,(2018– ),3.8,None,11193,Fantasy
398,Swiped,(I) (2018),3.6,None,9114,Comedy
162,The Open House,-2018,3.2,None,28836,Horror
195,Slender Man,-2018,3.2,30,24073,Horror
349,Veere Di Wedding,-2018,3.2,None,11035,Comedy
,The Open House,-2018,3.2,None,28836,Thriller
,Slender Man,-2018,3.2,30,24073,Mystery
,Slender Man,-2018,3.2,30,24073,Thriller
433,Cumali Ceber 2,-2018,2.9,None,8222,Comedy
480,A Sniper's War,-2018,2.2,None,6897,Documentary
,A Sniper's War,-2018,2.2,None,6897,War
151,Race 3,-2018,2,None,30952,Action
,Race 3,-2018,2,None,30952,Thriller
